{"steps": 24855, "episode_length": {"0": 1248, "1": 86, "2": 71, "3": 193, "3": 62, "4": 214, "5": 89, "6": 314, "7": 237, "8": 405, "9": 496, "10": 662, "11": 1464, "0": 0, "1": 0, "2": 0, "12": 2023, "13": 689, "14": 4234, "15": 1993, "16": 1257, "17": 74, "18": 54, "19": 94, "20": 46, "21": 796, "22": 15, "23": 239, "24": 8, "25": 253, "26": 1095, "27": 5133, "28": 1114, "29": 197}, "episode_reward": {"0": 1063.9137220315945, "1": 887.5062866210938, "2": 1188.9949951171875, "3": 7.4925537109375, "3": 1023.5, "4": 1159.5, "5": 1001.9979858398438, "0": 0, "1": 0, "2": 0, "6": 1045.4998168945312, "7": 1124.0010375976562, "8": 1163.9937133789062, "9": 1092.507080078125, "10": 985.5032958984375, "11": 1712.4970092773438, "12": 578.7897782325745, "13": 872.5530753135681, "14": 173.3372597694397, "15": 735.5126218795776, "16": 717.6687254905701, "17": 941.916944026947, "18": 967.623152256012, "19": 981.3876864910126, "20": 964.5800721645355, "21": 815.676962852478, "22": 947.2990880012512, "23": 923.0933623313904, "24": 998.4253077507019, "25": 920.6457943916321, "26": 809.1479601860046, "27": 1.8635327816009521, "28": 721.1128070354462, "29": -363.8785619735718}, "episodes_total": 29}